CREATE TABLE "auth_group" ("id" integer NOT NULL PRIMARY KEY AUTOINCREMENT, "name" varchar(80) NOT NULL UNIQUE);
CREATE INDEX IF NOT EXISTS "blog_post_b5c3e75b" ON "blog_post" ("member_id");
CREATE INDEX IF NOT EXISTS "cefet_course_29ddca3f" ON "cefet_course" ("campus_id");
CREATE INDEX IF NOT EXISTS "cefet_pet_ea134da7" ON "cefet_pet" ("course_id");
CREATE INDEX IF NOT EXISTS "members_member_20c984a4" ON "members_member" ("pet_id");
CREATE INDEX IF NOT EXISTS "members_member_84566833" ON "members_member" ("role_id");
CREATE INDEX IF NOT EXISTS "events_spectator_4437cfac" ON "events_spectator" ("event_id");
CREATE UNIQUE INDEX "auth_group_permissions_group_id_0cd325b0_uniq" ON "auth_group_permissions" ("group_id", "permission_id");
CREATE INDEX IF NOT EXISTS "auth_group_permissions_0e939a4f" ON "auth_group_permissions" ("group_id");
CREATE INDEX IF NOT EXISTS "auth_group_permissions_8373b171" ON "auth_group_permissions" ("permission_id");
CREATE UNIQUE INDEX "auth_user_groups_user_id_94350c0c_uniq" ON "auth_user_groups" ("user_id", "group_id");
CREATE INDEX IF NOT EXISTS "auth_user_groups_e8701ad4" ON "auth_user_groups" ("user_id");
CREATE INDEX IF NOT EXISTS "auth_user_groups_0e939a4f" ON "auth_user_groups" ("group_id");
CREATE UNIQUE INDEX "auth_user_user_permissions_user_id_14a6b632_uniq" ON "auth_user_user_permissions" ("user_id", "permission_id");
CREATE INDEX IF NOT EXISTS "auth_user_user_permissions_e8701ad4" ON "auth_user_user_permissions" ("user_id");
CREATE INDEX IF NOT EXISTS "auth_user_user_permissions_8373b171" ON "auth_user_user_permissions" ("permission_id");
CREATE INDEX IF NOT EXISTS "django_admin_log_417f1b1c" ON "django_admin_log" ("content_type_id");
CREATE INDEX IF NOT EXISTS "django_admin_log_e8701ad4" ON "django_admin_log" ("user_id");
CREATE UNIQUE INDEX "django_content_type_app_label_76bd3d3b_uniq" ON "django_content_type" ("app_label", "model");
CREATE UNIQUE INDEX "auth_permission_content_type_id_01ab375a_uniq" ON "auth_permission" ("content_type_id", "codename");
CREATE INDEX IF NOT EXISTS "auth_permission_417f1b1c" ON "auth_permission" ("content_type_id");
CREATE INDEX IF NOT EXISTS "django_cron_cronjoblog_c1336794" ON "django_cron_cronjoblog" ("code");
CREATE INDEX IF NOT EXISTS "django_cron_cronjoblog_c4d98dbd" ON "django_cron_cronjoblog" ("start_time");
CREATE INDEX IF NOT EXISTS "django_cron_cronjoblog_305d2889" ON "django_cron_cronjoblog" ("end_time");
CREATE INDEX IF NOT EXISTS "django_cron_cronjoblog_a05e4b70" ON "django_cron_cronjoblog" ("ran_at_time");
CREATE INDEX IF NOT EXISTS "django_cron_cronjoblog_code_84da9606_idx" ON "django_cron_cronjoblog" ("code", "is_success", "ran_at_time");
CREATE INDEX IF NOT EXISTS "django_cron_cronjoblog_code_4fc78f9d_idx" ON "django_cron_cronjoblog" ("code", "start_time");
CREATE INDEX IF NOT EXISTS "django_cron_cronjoblog_code_8b50b8fa_idx" ON "django_cron_cronjoblog" ("code", "start_time", "ran_at_time");
CREATE INDEX IF NOT EXISTS "django_session_de54fa62" ON "django_session" ("expire_date");
CREATE TABLE "auth_group_permissions" ("id" integer NOT NULL PRIMARY KEY AUTOINCREMENT, "group_id" integer NOT NULL REFERENCES "auth_group" ("id"), "permission_id" integer NOT NULL REFERENCES "auth_permission" ("id"));
CREATE INDEX IF NOT EXISTS "blog_post_b5c3e75b" ON "blog_post" ("member_id");
CREATE INDEX IF NOT EXISTS "cefet_course_29ddca3f" ON "cefet_course" ("campus_id");
CREATE INDEX IF NOT EXISTS "cefet_pet_ea134da7" ON "cefet_pet" ("course_id");
CREATE INDEX IF NOT EXISTS "members_member_20c984a4" ON "members_member" ("pet_id");
CREATE INDEX IF NOT EXISTS "members_member_84566833" ON "members_member" ("role_id");
CREATE INDEX IF NOT EXISTS "events_spectator_4437cfac" ON "events_spectator" ("event_id");
CREATE UNIQUE INDEX "auth_group_permissions_group_id_0cd325b0_uniq" ON "auth_group_permissions" ("group_id", "permission_id");
CREATE INDEX IF NOT EXISTS "auth_group_permissions_0e939a4f" ON "auth_group_permissions" ("group_id");
CREATE INDEX IF NOT EXISTS "auth_group_permissions_8373b171" ON "auth_group_permissions" ("permission_id");
CREATE UNIQUE INDEX "auth_user_groups_user_id_94350c0c_uniq" ON "auth_user_groups" ("user_id", "group_id");
CREATE INDEX IF NOT EXISTS "auth_user_groups_e8701ad4" ON "auth_user_groups" ("user_id");
CREATE INDEX IF NOT EXISTS "auth_user_groups_0e939a4f" ON "auth_user_groups" ("group_id");
CREATE UNIQUE INDEX "auth_user_user_permissions_user_id_14a6b632_uniq" ON "auth_user_user_permissions" ("user_id", "permission_id");
CREATE INDEX IF NOT EXISTS "auth_user_user_permissions_e8701ad4" ON "auth_user_user_permissions" ("user_id");
CREATE INDEX IF NOT EXISTS "auth_user_user_permissions_8373b171" ON "auth_user_user_permissions" ("permission_id");
CREATE INDEX IF NOT EXISTS "django_admin_log_417f1b1c" ON "django_admin_log" ("content_type_id");
CREATE INDEX IF NOT EXISTS "django_admin_log_e8701ad4" ON "django_admin_log" ("user_id");
CREATE UNIQUE INDEX "django_content_type_app_label_76bd3d3b_uniq" ON "django_content_type" ("app_label", "model");
CREATE UNIQUE INDEX "auth_permission_content_type_id_01ab375a_uniq" ON "auth_permission" ("content_type_id", "codename");
CREATE INDEX IF NOT EXISTS "auth_permission_417f1b1c" ON "auth_permission" ("content_type_id");
CREATE INDEX IF NOT EXISTS "django_cron_cronjoblog_c1336794" ON "django_cron_cronjoblog" ("code");
CREATE INDEX IF NOT EXISTS "django_cron_cronjoblog_c4d98dbd" ON "django_cron_cronjoblog" ("start_time");
CREATE INDEX IF NOT EXISTS "django_cron_cronjoblog_305d2889" ON "django_cron_cronjoblog" ("end_time");
CREATE INDEX IF NOT EXISTS "django_cron_cronjoblog_a05e4b70" ON "django_cron_cronjoblog" ("ran_at_time");
CREATE INDEX IF NOT EXISTS "django_cron_cronjoblog_code_84da9606_idx" ON "django_cron_cronjoblog" ("code", "is_success", "ran_at_time");
CREATE INDEX IF NOT EXISTS "django_cron_cronjoblog_code_4fc78f9d_idx" ON "django_cron_cronjoblog" ("code", "start_time");
CREATE INDEX IF NOT EXISTS "django_cron_cronjoblog_code_8b50b8fa_idx" ON "django_cron_cronjoblog" ("code", "start_time", "ran_at_time");
CREATE INDEX IF NOT EXISTS "django_session_de54fa62" ON "django_session" ("expire_date");
CREATE TABLE "auth_permission" ("id" integer NOT NULL PRIMARY KEY AUTOINCREMENT, "content_type_id" integer NOT NULL REFERENCES "django_content_type" ("id"), "codename" varchar(100) NOT NULL, "name" varchar(255) NOT NULL);
INSERT INTO "auth_permission" VALUES(1,1,'add_post','Can add post');
INSERT INTO "auth_permission" VALUES(2,1,'change_post','Can change post');
INSERT INTO "auth_permission" VALUES(3,1,'delete_post','Can delete post');
INSERT INTO "auth_permission" VALUES(4,2,'add_campus','Can add campus');
INSERT INTO "auth_permission" VALUES(5,2,'change_campus','Can change campus');
INSERT INTO "auth_permission" VALUES(6,2,'delete_campus','Can delete campus');
INSERT INTO "auth_permission" VALUES(7,3,'add_course','Can add curso');
INSERT INTO "auth_permission" VALUES(8,3,'change_course','Can change curso');
INSERT INTO "auth_permission" VALUES(9,3,'delete_course','Can delete curso');
INSERT INTO "auth_permission" VALUES(10,4,'add_pet','Can add pet');
INSERT INTO "auth_permission" VALUES(11,4,'change_pet','Can change pet');
INSERT INTO "auth_permission" VALUES(12,4,'delete_pet','Can delete pet');
INSERT INTO "auth_permission" VALUES(13,5,'add_memberrole','Can add função do membro');
INSERT INTO "auth_permission" VALUES(14,5,'change_memberrole','Can change função do membro');
INSERT INTO "auth_permission" VALUES(15,5,'delete_memberrole','Can delete função do membro');
INSERT INTO "auth_permission" VALUES(16,6,'add_member','Can add membro');
INSERT INTO "auth_permission" VALUES(17,6,'change_member','Can change membro');
INSERT INTO "auth_permission" VALUES(18,6,'delete_member','Can delete membro');
INSERT INTO "auth_permission" VALUES(19,7,'add_event','Can add event');
INSERT INTO "auth_permission" VALUES(20,7,'change_event','Can change event');
INSERT INTO "auth_permission" VALUES(21,7,'delete_event','Can delete event');
INSERT INTO "auth_permission" VALUES(22,8,'add_spectator','Can add spectator');
INSERT INTO "auth_permission" VALUES(23,8,'change_spectator','Can change spectator');
INSERT INTO "auth_permission" VALUES(24,8,'delete_spectator','Can delete spectator');
INSERT INTO "auth_permission" VALUES(25,9,'add_attachment','Can add attachment');
INSERT INTO "auth_permission" VALUES(26,9,'change_attachment','Can change attachment');
INSERT INTO "auth_permission" VALUES(27,9,'delete_attachment','Can delete attachment');
INSERT INTO "auth_permission" VALUES(28,10,'add_kvstore','Can add kv store');
INSERT INTO "auth_permission" VALUES(29,10,'change_kvstore','Can change kv store');
INSERT INTO "auth_permission" VALUES(30,10,'delete_kvstore','Can delete kv store');
INSERT INTO "auth_permission" VALUES(31,11,'add_logentry','Can add log entry');
INSERT INTO "auth_permission" VALUES(32,11,'change_logentry','Can change log entry');
INSERT INTO "auth_permission" VALUES(33,11,'delete_logentry','Can delete log entry');
INSERT INTO "auth_permission" VALUES(34,12,'add_permission','Can add permission');
INSERT INTO "auth_permission" VALUES(35,12,'change_permission','Can change permission');
INSERT INTO "auth_permission" VALUES(36,12,'delete_permission','Can delete permission');
INSERT INTO "auth_permission" VALUES(37,13,'add_group','Can add group');
INSERT INTO "auth_permission" VALUES(38,13,'change_group','Can change group');
INSERT INTO "auth_permission" VALUES(39,13,'delete_group','Can delete group');
INSERT INTO "auth_permission" VALUES(40,14,'add_user','Can add user');
INSERT INTO "auth_permission" VALUES(41,14,'change_user','Can change user');
INSERT INTO "auth_permission" VALUES(42,14,'delete_user','Can delete user');
INSERT INTO "auth_permission" VALUES(43,15,'add_contenttype','Can add content type');
INSERT INTO "auth_permission" VALUES(44,15,'change_contenttype','Can change content type');
INSERT INTO "auth_permission" VALUES(45,15,'delete_contenttype','Can delete content type');
INSERT INTO "auth_permission" VALUES(46,16,'add_session','Can add session');
INSERT INTO "auth_permission" VALUES(47,16,'change_session','Can change session');
INSERT INTO "auth_permission" VALUES(48,16,'delete_session','Can delete session');
INSERT INTO "auth_permission" VALUES(49,17,'add_cronjoblog','Can add cron job log');
INSERT INTO "auth_permission" VALUES(50,17,'change_cronjoblog','Can change cron job log');
INSERT INTO "auth_permission" VALUES(51,17,'delete_cronjoblog','Can delete cron job log');
CREATE INDEX IF NOT EXISTS "blog_post_b5c3e75b" ON "blog_post" ("member_id");
CREATE INDEX IF NOT EXISTS "cefet_course_29ddca3f" ON "cefet_course" ("campus_id");
CREATE INDEX IF NOT EXISTS "cefet_pet_ea134da7" ON "cefet_pet" ("course_id");
CREATE INDEX IF NOT EXISTS "members_member_20c984a4" ON "members_member" ("pet_id");
CREATE INDEX IF NOT EXISTS "members_member_84566833" ON "members_member" ("role_id");
CREATE INDEX IF NOT EXISTS "events_spectator_4437cfac" ON "events_spectator" ("event_id");
CREATE UNIQUE INDEX "auth_group_permissions_group_id_0cd325b0_uniq" ON "auth_group_permissions" ("group_id", "permission_id");
CREATE INDEX IF NOT EXISTS "auth_group_permissions_0e939a4f" ON "auth_group_permissions" ("group_id");
CREATE INDEX IF NOT EXISTS "auth_group_permissions_8373b171" ON "auth_group_permissions" ("permission_id");
CREATE UNIQUE INDEX "auth_user_groups_user_id_94350c0c_uniq" ON "auth_user_groups" ("user_id", "group_id");
CREATE INDEX IF NOT EXISTS "auth_user_groups_e8701ad4" ON "auth_user_groups" ("user_id");
CREATE INDEX IF NOT EXISTS "auth_user_groups_0e939a4f" ON "auth_user_groups" ("group_id");
CREATE UNIQUE INDEX "auth_user_user_permissions_user_id_14a6b632_uniq" ON "auth_user_user_permissions" ("user_id", "permission_id");
CREATE INDEX IF NOT EXISTS "auth_user_user_permissions_e8701ad4" ON "auth_user_user_permissions" ("user_id");
CREATE INDEX IF NOT EXISTS "auth_user_user_permissions_8373b171" ON "auth_user_user_permissions" ("permission_id");
CREATE INDEX IF NOT EXISTS "django_admin_log_417f1b1c" ON "django_admin_log" ("content_type_id");
CREATE INDEX IF NOT EXISTS "django_admin_log_e8701ad4" ON "django_admin_log" ("user_id");
CREATE UNIQUE INDEX "django_content_type_app_label_76bd3d3b_uniq" ON "django_content_type" ("app_label", "model");
CREATE UNIQUE INDEX "auth_permission_content_type_id_01ab375a_uniq" ON "auth_permission" ("content_type_id", "codename");
CREATE INDEX IF NOT EXISTS "auth_permission_417f1b1c" ON "auth_permission" ("content_type_id");
CREATE INDEX IF NOT EXISTS "django_cron_cronjoblog_c1336794" ON "django_cron_cronjoblog" ("code");
CREATE INDEX IF NOT EXISTS "django_cron_cronjoblog_c4d98dbd" ON "django_cron_cronjoblog" ("start_time");
CREATE INDEX IF NOT EXISTS "django_cron_cronjoblog_305d2889" ON "django_cron_cronjoblog" ("end_time");
CREATE INDEX IF NOT EXISTS "django_cron_cronjoblog_a05e4b70" ON "django_cron_cronjoblog" ("ran_at_time");
CREATE INDEX IF NOT EXISTS "django_cron_cronjoblog_code_84da9606_idx" ON "django_cron_cronjoblog" ("code", "is_success", "ran_at_time");
CREATE INDEX IF NOT EXISTS "django_cron_cronjoblog_code_4fc78f9d_idx" ON "django_cron_cronjoblog" ("code", "start_time");
CREATE INDEX IF NOT EXISTS "django_cron_cronjoblog_code_8b50b8fa_idx" ON "django_cron_cronjoblog" ("code", "start_time", "ran_at_time");
CREATE INDEX IF NOT EXISTS "django_session_de54fa62" ON "django_session" ("expire_date");
CREATE TABLE "auth_user" ("id" integer NOT NULL PRIMARY KEY AUTOINCREMENT, "password" varchar(128) NOT NULL, "last_login" datetime NULL, "is_superuser" bool NOT NULL, "first_name" varchar(30) NOT NULL, "last_name" varchar(30) NOT NULL, "email" varchar(254) NOT NULL, "is_staff" bool NOT NULL, "is_active" bool NOT NULL, "date_joined" datetime NOT NULL, "username" varchar(150) NOT NULL UNIQUE);
CREATE INDEX IF NOT EXISTS "blog_post_b5c3e75b" ON "blog_post" ("member_id");
CREATE INDEX IF NOT EXISTS "cefet_course_29ddca3f" ON "cefet_course" ("campus_id");
CREATE INDEX IF NOT EXISTS "cefet_pet_ea134da7" ON "cefet_pet" ("course_id");
CREATE INDEX IF NOT EXISTS "members_member_20c984a4" ON "members_member" ("pet_id");
CREATE INDEX IF NOT EXISTS "members_member_84566833" ON "members_member" ("role_id");
CREATE INDEX IF NOT EXISTS "events_spectator_4437cfac" ON "events_spectator" ("event_id");
CREATE UNIQUE INDEX "auth_group_permissions_group_id_0cd325b0_uniq" ON "auth_group_permissions" ("group_id", "permission_id");
CREATE INDEX IF NOT EXISTS "auth_group_permissions_0e939a4f" ON "auth_group_permissions" ("group_id");
CREATE INDEX IF NOT EXISTS "auth_group_permissions_8373b171" ON "auth_group_permissions" ("permission_id");
CREATE UNIQUE INDEX "auth_user_groups_user_id_94350c0c_uniq" ON "auth_user_groups" ("user_id", "group_id");
CREATE INDEX IF NOT EXISTS "auth_user_groups_e8701ad4" ON "auth_user_groups" ("user_id");
CREATE INDEX IF NOT EXISTS "auth_user_groups_0e939a4f" ON "auth_user_groups" ("group_id");
CREATE UNIQUE INDEX "auth_user_user_permissions_user_id_14a6b632_uniq" ON "auth_user_user_permissions" ("user_id", "permission_id");
CREATE INDEX IF NOT EXISTS "auth_user_user_permissions_e8701ad4" ON "auth_user_user_permissions" ("user_id");
CREATE INDEX IF NOT EXISTS "auth_user_user_permissions_8373b171" ON "auth_user_user_permissions" ("permission_id");
CREATE INDEX IF NOT EXISTS "django_admin_log_417f1b1c" ON "django_admin_log" ("content_type_id");
CREATE INDEX IF NOT EXISTS "django_admin_log_e8701ad4" ON "django_admin_log" ("user_id");
CREATE UNIQUE INDEX "django_content_type_app_label_76bd3d3b_uniq" ON "django_content_type" ("app_label", "model");
CREATE UNIQUE INDEX "auth_permission_content_type_id_01ab375a_uniq" ON "auth_permission" ("content_type_id", "codename");
CREATE INDEX IF NOT EXISTS "auth_permission_417f1b1c" ON "auth_permission" ("content_type_id");
CREATE INDEX IF NOT EXISTS "django_cron_cronjoblog_c1336794" ON "django_cron_cronjoblog" ("code");
CREATE INDEX IF NOT EXISTS "django_cron_cronjoblog_c4d98dbd" ON "django_cron_cronjoblog" ("start_time");
CREATE INDEX IF NOT EXISTS "django_cron_cronjoblog_305d2889" ON "django_cron_cronjoblog" ("end_time");
CREATE INDEX IF NOT EXISTS "django_cron_cronjoblog_a05e4b70" ON "django_cron_cronjoblog" ("ran_at_time");
CREATE INDEX IF NOT EXISTS "django_cron_cronjoblog_code_84da9606_idx" ON "django_cron_cronjoblog" ("code", "is_success", "ran_at_time");
CREATE INDEX IF NOT EXISTS "django_cron_cronjoblog_code_4fc78f9d_idx" ON "django_cron_cronjoblog" ("code", "start_time");
CREATE INDEX IF NOT EXISTS "django_cron_cronjoblog_code_8b50b8fa_idx" ON "django_cron_cronjoblog" ("code", "start_time", "ran_at_time");
CREATE INDEX IF NOT EXISTS "django_session_de54fa62" ON "django_session" ("expire_date");
CREATE TABLE "auth_user_groups" ("id" integer NOT NULL PRIMARY KEY AUTOINCREMENT, "user_id" integer NOT NULL REFERENCES "auth_user" ("id"), "group_id" integer NOT NULL REFERENCES "auth_group" ("id"));
CREATE INDEX IF NOT EXISTS "blog_post_b5c3e75b" ON "blog_post" ("member_id");
CREATE INDEX IF NOT EXISTS "cefet_course_29ddca3f" ON "cefet_course" ("campus_id");
CREATE INDEX IF NOT EXISTS "cefet_pet_ea134da7" ON "cefet_pet" ("course_id");
CREATE INDEX IF NOT EXISTS "members_member_20c984a4" ON "members_member" ("pet_id");
CREATE INDEX IF NOT EXISTS "members_member_84566833" ON "members_member" ("role_id");
CREATE INDEX IF NOT EXISTS "events_spectator_4437cfac" ON "events_spectator" ("event_id");
CREATE UNIQUE INDEX "auth_group_permissions_group_id_0cd325b0_uniq" ON "auth_group_permissions" ("group_id", "permission_id");
CREATE INDEX IF NOT EXISTS "auth_group_permissions_0e939a4f" ON "auth_group_permissions" ("group_id");
CREATE INDEX IF NOT EXISTS "auth_group_permissions_8373b171" ON "auth_group_permissions" ("permission_id");
CREATE UNIQUE INDEX "auth_user_groups_user_id_94350c0c_uniq" ON "auth_user_groups" ("user_id", "group_id");
CREATE INDEX IF NOT EXISTS "auth_user_groups_e8701ad4" ON "auth_user_groups" ("user_id");
CREATE INDEX IF NOT EXISTS "auth_user_groups_0e939a4f" ON "auth_user_groups" ("group_id");
CREATE UNIQUE INDEX "auth_user_user_permissions_user_id_14a6b632_uniq" ON "auth_user_user_permissions" ("user_id", "permission_id");
CREATE INDEX IF NOT EXISTS "auth_user_user_permissions_e8701ad4" ON "auth_user_user_permissions" ("user_id");
CREATE INDEX IF NOT EXISTS "auth_user_user_permissions_8373b171" ON "auth_user_user_permissions" ("permission_id");
CREATE INDEX IF NOT EXISTS "django_admin_log_417f1b1c" ON "django_admin_log" ("content_type_id");
CREATE INDEX IF NOT EXISTS "django_admin_log_e8701ad4" ON "django_admin_log" ("user_id");
CREATE UNIQUE INDEX "django_content_type_app_label_76bd3d3b_uniq" ON "django_content_type" ("app_label", "model");
CREATE UNIQUE INDEX "auth_permission_content_type_id_01ab375a_uniq" ON "auth_permission" ("content_type_id", "codename");
CREATE INDEX IF NOT EXISTS "auth_permission_417f1b1c" ON "auth_permission" ("content_type_id");
CREATE INDEX IF NOT EXISTS "django_cron_cronjoblog_c1336794" ON "django_cron_cronjoblog" ("code");
CREATE INDEX IF NOT EXISTS "django_cron_cronjoblog_c4d98dbd" ON "django_cron_cronjoblog" ("start_time");
CREATE INDEX IF NOT EXISTS "django_cron_cronjoblog_305d2889" ON "django_cron_cronjoblog" ("end_time");
CREATE INDEX IF NOT EXISTS "django_cron_cronjoblog_a05e4b70" ON "django_cron_cronjoblog" ("ran_at_time");
CREATE INDEX IF NOT EXISTS "django_cron_cronjoblog_code_84da9606_idx" ON "django_cron_cronjoblog" ("code", "is_success", "ran_at_time");
CREATE INDEX IF NOT EXISTS "django_cron_cronjoblog_code_4fc78f9d_idx" ON "django_cron_cronjoblog" ("code", "start_time");
CREATE INDEX IF NOT EXISTS "django_cron_cronjoblog_code_8b50b8fa_idx" ON "django_cron_cronjoblog" ("code", "start_time", "ran_at_time");
CREATE INDEX IF NOT EXISTS "django_session_de54fa62" ON "django_session" ("expire_date");
CREATE TABLE "auth_user_user_permissions" ("id" integer NOT NULL PRIMARY KEY AUTOINCREMENT, "user_id" integer NOT NULL REFERENCES "auth_user" ("id"), "permission_id" integer NOT NULL REFERENCES "auth_permission" ("id"));
CREATE INDEX IF NOT EXISTS "blog_post_b5c3e75b" ON "blog_post" ("member_id");
CREATE INDEX IF NOT EXISTS "cefet_course_29ddca3f" ON "cefet_course" ("campus_id");
CREATE INDEX IF NOT EXISTS "cefet_pet_ea134da7" ON "cefet_pet" ("course_id");
CREATE INDEX IF NOT EXISTS "members_member_20c984a4" ON "members_member" ("pet_id");
CREATE INDEX IF NOT EXISTS "members_member_84566833" ON "members_member" ("role_id");
CREATE INDEX IF NOT EXISTS "events_spectator_4437cfac" ON "events_spectator" ("event_id");
CREATE UNIQUE INDEX "auth_group_permissions_group_id_0cd325b0_uniq" ON "auth_group_permissions" ("group_id", "permission_id");
CREATE INDEX IF NOT EXISTS "auth_group_permissions_0e939a4f" ON "auth_group_permissions" ("group_id");
CREATE INDEX IF NOT EXISTS "auth_group_permissions_8373b171" ON "auth_group_permissions" ("permission_id");
CREATE UNIQUE INDEX "auth_user_groups_user_id_94350c0c_uniq" ON "auth_user_groups" ("user_id", "group_id");
CREATE INDEX IF NOT EXISTS "auth_user_groups_e8701ad4" ON "auth_user_groups" ("user_id");
CREATE INDEX IF NOT EXISTS "auth_user_groups_0e939a4f" ON "auth_user_groups" ("group_id");
CREATE UNIQUE INDEX "auth_user_user_permissions_user_id_14a6b632_uniq" ON "auth_user_user_permissions" ("user_id", "permission_id");
CREATE INDEX IF NOT EXISTS "auth_user_user_permissions_e8701ad4" ON "auth_user_user_permissions" ("user_id");
CREATE INDEX IF NOT EXISTS "auth_user_user_permissions_8373b171" ON "auth_user_user_permissions" ("permission_id");
CREATE INDEX IF NOT EXISTS "django_admin_log_417f1b1c" ON "django_admin_log" ("content_type_id");
CREATE INDEX IF NOT EXISTS "django_admin_log_e8701ad4" ON "django_admin_log" ("user_id");
CREATE UNIQUE INDEX "django_content_type_app_label_76bd3d3b_uniq" ON "django_content_type" ("app_label", "model");
CREATE UNIQUE INDEX "auth_permission_content_type_id_01ab375a_uniq" ON "auth_permission" ("content_type_id", "codename");
CREATE INDEX IF NOT EXISTS "auth_permission_417f1b1c" ON "auth_permission" ("content_type_id");
CREATE INDEX IF NOT EXISTS "django_cron_cronjoblog_c1336794" ON "django_cron_cronjoblog" ("code");
CREATE INDEX IF NOT EXISTS "django_cron_cronjoblog_c4d98dbd" ON "django_cron_cronjoblog" ("start_time");
CREATE INDEX IF NOT EXISTS "django_cron_cronjoblog_305d2889" ON "django_cron_cronjoblog" ("end_time");
CREATE INDEX IF NOT EXISTS "django_cron_cronjoblog_a05e4b70" ON "django_cron_cronjoblog" ("ran_at_time");
CREATE INDEX IF NOT EXISTS "django_cron_cronjoblog_code_84da9606_idx" ON "django_cron_cronjoblog" ("code", "is_success", "ran_at_time");
CREATE INDEX IF NOT EXISTS "django_cron_cronjoblog_code_4fc78f9d_idx" ON "django_cron_cronjoblog" ("code", "start_time");
CREATE INDEX IF NOT EXISTS "django_cron_cronjoblog_code_8b50b8fa_idx" ON "django_cron_cronjoblog" ("code", "start_time", "ran_at_time");
CREATE INDEX IF NOT EXISTS "django_session_de54fa62" ON "django_session" ("expire_date");
CREATE TABLE "blog_post" ("id" integer NOT NULL PRIMARY KEY AUTOINCREMENT, "title" varchar(255) NOT NULL, "member_id" integer NULL REFERENCES "members_member" ("id"), "text_call" varchar(255) NOT NULL, "text_content" text NOT NULL, "thumbnail" varchar(100) NULL, "publish_date" datetime NOT NULL, "last_modification" datetime NOT NULL, "publish_as_team" bool NOT NULL, "definitive" bool NOT NULL);
CREATE INDEX IF NOT EXISTS "blog_post_b5c3e75b" ON "blog_post" ("member_id");
CREATE INDEX IF NOT EXISTS "cefet_course_29ddca3f" ON "cefet_course" ("campus_id");
CREATE INDEX IF NOT EXISTS "cefet_pet_ea134da7" ON "cefet_pet" ("course_id");
CREATE INDEX IF NOT EXISTS "members_member_20c984a4" ON "members_member" ("pet_id");
CREATE INDEX IF NOT EXISTS "members_member_84566833" ON "members_member" ("role_id");
CREATE INDEX IF NOT EXISTS "events_spectator_4437cfac" ON "events_spectator" ("event_id");
CREATE UNIQUE INDEX "auth_group_permissions_group_id_0cd325b0_uniq" ON "auth_group_permissions" ("group_id", "permission_id");
CREATE INDEX IF NOT EXISTS "auth_group_permissions_0e939a4f" ON "auth_group_permissions" ("group_id");
CREATE INDEX IF NOT EXISTS "auth_group_permissions_8373b171" ON "auth_group_permissions" ("permission_id");
CREATE UNIQUE INDEX "auth_user_groups_user_id_94350c0c_uniq" ON "auth_user_groups" ("user_id", "group_id");
CREATE INDEX IF NOT EXISTS "auth_user_groups_e8701ad4" ON "auth_user_groups" ("user_id");
CREATE INDEX IF NOT EXISTS "auth_user_groups_0e939a4f" ON "auth_user_groups" ("group_id");
CREATE UNIQUE INDEX "auth_user_user_permissions_user_id_14a6b632_uniq" ON "auth_user_user_permissions" ("user_id", "permission_id");
CREATE INDEX IF NOT EXISTS "auth_user_user_permissions_e8701ad4" ON "auth_user_user_permissions" ("user_id");
CREATE INDEX IF NOT EXISTS "auth_user_user_permissions_8373b171" ON "auth_user_user_permissions" ("permission_id");
CREATE INDEX IF NOT EXISTS "django_admin_log_417f1b1c" ON "django_admin_log" ("content_type_id");
CREATE INDEX IF NOT EXISTS "django_admin_log_e8701ad4" ON "django_admin_log" ("user_id");
CREATE UNIQUE INDEX "django_content_type_app_label_76bd3d3b_uniq" ON "django_content_type" ("app_label", "model");
CREATE UNIQUE INDEX "auth_permission_content_type_id_01ab375a_uniq" ON "auth_permission" ("content_type_id", "codename");
CREATE INDEX IF NOT EXISTS "auth_permission_417f1b1c" ON "auth_permission" ("content_type_id");
CREATE INDEX IF NOT EXISTS "django_cron_cronjoblog_c1336794" ON "django_cron_cronjoblog" ("code");
CREATE INDEX IF NOT EXISTS "django_cron_cronjoblog_c4d98dbd" ON "django_cron_cronjoblog" ("start_time");
CREATE INDEX IF NOT EXISTS "django_cron_cronjoblog_305d2889" ON "django_cron_cronjoblog" ("end_time");
CREATE INDEX IF NOT EXISTS "django_cron_cronjoblog_a05e4b70" ON "django_cron_cronjoblog" ("ran_at_time");
CREATE INDEX IF NOT EXISTS "django_cron_cronjoblog_code_84da9606_idx" ON "django_cron_cronjoblog" ("code", "is_success", "ran_at_time");
CREATE INDEX IF NOT EXISTS "django_cron_cronjoblog_code_4fc78f9d_idx" ON "django_cron_cronjoblog" ("code", "start_time");
CREATE INDEX IF NOT EXISTS "django_cron_cronjoblog_code_8b50b8fa_idx" ON "django_cron_cronjoblog" ("code", "start_time", "ran_at_time");
CREATE INDEX IF NOT EXISTS "django_session_de54fa62" ON "django_session" ("expire_date");
CREATE TABLE "cefet_campus" ("id" integer NOT NULL PRIMARY KEY, "location" varchar(255) NOT NULL, "roman_id" varchar(10) NOT NULL);
INSERT INTO "cefet_campus" VALUES(1,'Belo Horizonte','I');
INSERT INTO "cefet_campus" VALUES(2,'Belo Horizonte','II');
INSERT INTO "cefet_campus" VALUES(3,'Leopoldina','III');
INSERT INTO "cefet_campus" VALUES(4,'Araxá','IV');
INSERT INTO "cefet_campus" VALUES(5,'Divinópolis','V');
INSERT INTO "cefet_campus" VALUES(7,'Timóteo','VII');
INSERT INTO "cefet_campus" VALUES(8,'Varginha','VIII');
INSERT INTO "cefet_campus" VALUES(9,'Nepomuceno','IX');
INSERT INTO "cefet_campus" VALUES(10,'Curvelo','X');
INSERT INTO "cefet_campus" VALUES(11,'Contagem','XI');
CREATE INDEX IF NOT EXISTS "blog_post_b5c3e75b" ON "blog_post" ("member_id");
CREATE INDEX IF NOT EXISTS "cefet_course_29ddca3f" ON "cefet_course" ("campus_id");
CREATE INDEX IF NOT EXISTS "cefet_pet_ea134da7" ON "cefet_pet" ("course_id");
CREATE INDEX IF NOT EXISTS "members_member_20c984a4" ON "members_member" ("pet_id");
CREATE INDEX IF NOT EXISTS "members_member_84566833" ON "members_member" ("role_id");
CREATE INDEX IF NOT EXISTS "events_spectator_4437cfac" ON "events_spectator" ("event_id");
CREATE UNIQUE INDEX "auth_group_permissions_group_id_0cd325b0_uniq" ON "auth_group_permissions" ("group_id", "permission_id");
CREATE INDEX IF NOT EXISTS "auth_group_permissions_0e939a4f" ON "auth_group_permissions" ("group_id");
CREATE INDEX IF NOT EXISTS "auth_group_permissions_8373b171" ON "auth_group_permissions" ("permission_id");
CREATE UNIQUE INDEX "auth_user_groups_user_id_94350c0c_uniq" ON "auth_user_groups" ("user_id", "group_id");
CREATE INDEX IF NOT EXISTS "auth_user_groups_e8701ad4" ON "auth_user_groups" ("user_id");
CREATE INDEX IF NOT EXISTS "auth_user_groups_0e939a4f" ON "auth_user_groups" ("group_id");
CREATE UNIQUE INDEX "auth_user_user_permissions_user_id_14a6b632_uniq" ON "auth_user_user_permissions" ("user_id", "permission_id");
CREATE INDEX IF NOT EXISTS "auth_user_user_permissions_e8701ad4" ON "auth_user_user_permissions" ("user_id");
CREATE INDEX IF NOT EXISTS "auth_user_user_permissions_8373b171" ON "auth_user_user_permissions" ("permission_id");
CREATE INDEX IF NOT EXISTS "django_admin_log_417f1b1c" ON "django_admin_log" ("content_type_id");
CREATE INDEX IF NOT EXISTS "django_admin_log_e8701ad4" ON "django_admin_log" ("user_id");
CREATE UNIQUE INDEX "django_content_type_app_label_76bd3d3b_uniq" ON "django_content_type" ("app_label", "model");
CREATE UNIQUE INDEX "auth_permission_content_type_id_01ab375a_uniq" ON "auth_permission" ("content_type_id", "codename");
CREATE INDEX IF NOT EXISTS "auth_permission_417f1b1c" ON "auth_permission" ("content_type_id");
CREATE INDEX IF NOT EXISTS "django_cron_cronjoblog_c1336794" ON "django_cron_cronjoblog" ("code");
CREATE INDEX IF NOT EXISTS "django_cron_cronjoblog_c4d98dbd" ON "django_cron_cronjoblog" ("start_time");
CREATE INDEX IF NOT EXISTS "django_cron_cronjoblog_305d2889" ON "django_cron_cronjoblog" ("end_time");
CREATE INDEX IF NOT EXISTS "django_cron_cronjoblog_a05e4b70" ON "django_cron_cronjoblog" ("ran_at_time");
CREATE INDEX IF NOT EXISTS "django_cron_cronjoblog_code_84da9606_idx" ON "django_cron_cronjoblog" ("code", "is_success", "ran_at_time");
CREATE INDEX IF NOT EXISTS "django_cron_cronjoblog_code_4fc78f9d_idx" ON "django_cron_cronjoblog" ("code", "start_time");
CREATE INDEX IF NOT EXISTS "django_cron_cronjoblog_code_8b50b8fa_idx" ON "django_cron_cronjoblog" ("code", "start_time", "ran_at_time");
CREATE INDEX IF NOT EXISTS "django_session_de54fa62" ON "django_session" ("expire_date");
CREATE TABLE "cefet_course" ("id" integer NOT NULL PRIMARY KEY AUTOINCREMENT, "name" varchar(255) NOT NULL UNIQUE, "campus_id" integer NOT NULL REFERENCES "cefet_campus" ("id"));
INSERT INTO "cefet_course" VALUES(1,'Engenharia de Computação',2);
INSERT INTO "cefet_course" VALUES(2,'Engenharia de Materiais',1);
INSERT INTO "cefet_course" VALUES(3,'Administração',2);
INSERT INTO "cefet_course" VALUES(4,'Engenharia Ambiental',1);
INSERT INTO "cefet_course" VALUES(5,'Engenharia Mecatrônica',3);
CREATE INDEX IF NOT EXISTS "blog_post_b5c3e75b" ON "blog_post" ("member_id");
CREATE INDEX IF NOT EXISTS "cefet_course_29ddca3f" ON "cefet_course" ("campus_id");
CREATE INDEX IF NOT EXISTS "cefet_pet_ea134da7" ON "cefet_pet" ("course_id");
CREATE INDEX IF NOT EXISTS "members_member_20c984a4" ON "members_member" ("pet_id");
CREATE INDEX IF NOT EXISTS "members_member_84566833" ON "members_member" ("role_id");
CREATE INDEX IF NOT EXISTS "events_spectator_4437cfac" ON "events_spectator" ("event_id");
CREATE UNIQUE INDEX "auth_group_permissions_group_id_0cd325b0_uniq" ON "auth_group_permissions" ("group_id", "permission_id");
CREATE INDEX IF NOT EXISTS "auth_group_permissions_0e939a4f" ON "auth_group_permissions" ("group_id");
CREATE INDEX IF NOT EXISTS "auth_group_permissions_8373b171" ON "auth_group_permissions" ("permission_id");
CREATE UNIQUE INDEX "auth_user_groups_user_id_94350c0c_uniq" ON "auth_user_groups" ("user_id", "group_id");
CREATE INDEX IF NOT EXISTS "auth_user_groups_e8701ad4" ON "auth_user_groups" ("user_id");
CREATE INDEX IF NOT EXISTS "auth_user_groups_0e939a4f" ON "auth_user_groups" ("group_id");
CREATE UNIQUE INDEX "auth_user_user_permissions_user_id_14a6b632_uniq" ON "auth_user_user_permissions" ("user_id", "permission_id");
CREATE INDEX IF NOT EXISTS "auth_user_user_permissions_e8701ad4" ON "auth_user_user_permissions" ("user_id");
CREATE INDEX IF NOT EXISTS "auth_user_user_permissions_8373b171" ON "auth_user_user_permissions" ("permission_id");
CREATE INDEX IF NOT EXISTS "django_admin_log_417f1b1c" ON "django_admin_log" ("content_type_id");
CREATE INDEX IF NOT EXISTS "django_admin_log_e8701ad4" ON "django_admin_log" ("user_id");
CREATE UNIQUE INDEX "django_content_type_app_label_76bd3d3b_uniq" ON "django_content_type" ("app_label", "model");
CREATE UNIQUE INDEX "auth_permission_content_type_id_01ab375a_uniq" ON "auth_permission" ("content_type_id", "codename");
CREATE INDEX IF NOT EXISTS "auth_permission_417f1b1c" ON "auth_permission" ("content_type_id");
CREATE INDEX IF NOT EXISTS "django_cron_cronjoblog_c1336794" ON "django_cron_cronjoblog" ("code");
CREATE INDEX IF NOT EXISTS "django_cron_cronjoblog_c4d98dbd" ON "django_cron_cronjoblog" ("start_time");
CREATE INDEX IF NOT EXISTS "django_cron_cronjoblog_305d2889" ON "django_cron_cronjoblog" ("end_time");
CREATE INDEX IF NOT EXISTS "django_cron_cronjoblog_a05e4b70" ON "django_cron_cronjoblog" ("ran_at_time");
CREATE INDEX IF NOT EXISTS "django_cron_cronjoblog_code_84da9606_idx" ON "django_cron_cronjoblog" ("code", "is_success", "ran_at_time");
CREATE INDEX IF NOT EXISTS "django_cron_cronjoblog_code_4fc78f9d_idx" ON "django_cron_cronjoblog" ("code", "start_time");
CREATE INDEX IF NOT EXISTS "django_cron_cronjoblog_code_8b50b8fa_idx" ON "django_cron_cronjoblog" ("code", "start_time", "ran_at_time");
CREATE INDEX IF NOT EXISTS "django_session_de54fa62" ON "django_session" ("expire_date");
CREATE TABLE "cefet_pet" ("id" integer NOT NULL PRIMARY KEY AUTOINCREMENT, "photo" varchar(100) NULL, "course_id" integer NOT NULL REFERENCES "cefet_course" ("id"), "start" date NULL, "description" text NULL);
INSERT INTO "cefet_pet" VALUES(1,'',1,NULL,NULL);
INSERT INTO "cefet_pet" VALUES(2,'',2,NULL,NULL);
INSERT INTO "cefet_pet" VALUES(3,'',3,NULL,NULL);
INSERT INTO "cefet_pet" VALUES(4,'',4,NULL,NULL);
INSERT INTO "cefet_pet" VALUES(5,'',5,NULL,NULL);
CREATE INDEX IF NOT EXISTS "blog_post_b5c3e75b" ON "blog_post" ("member_id");
CREATE INDEX IF NOT EXISTS "cefet_course_29ddca3f" ON "cefet_course" ("campus_id");
CREATE INDEX IF NOT EXISTS "cefet_pet_ea134da7" ON "cefet_pet" ("course_id");
CREATE INDEX IF NOT EXISTS "members_member_20c984a4" ON "members_member" ("pet_id");
CREATE INDEX IF NOT EXISTS "members_member_84566833" ON "members_member" ("role_id");
CREATE INDEX IF NOT EXISTS "events_spectator_4437cfac" ON "events_spectator" ("event_id");
CREATE UNIQUE INDEX "auth_group_permissions_group_id_0cd325b0_uniq" ON "auth_group_permissions" ("group_id", "permission_id");
CREATE INDEX IF NOT EXISTS "auth_group_permissions_0e939a4f" ON "auth_group_permissions" ("group_id");
CREATE INDEX IF NOT EXISTS "auth_group_permissions_8373b171" ON "auth_group_permissions" ("permission_id");
CREATE UNIQUE INDEX "auth_user_groups_user_id_94350c0c_uniq" ON "auth_user_groups" ("user_id", "group_id");
CREATE INDEX IF NOT EXISTS "auth_user_groups_e8701ad4" ON "auth_user_groups" ("user_id");
CREATE INDEX IF NOT EXISTS "auth_user_groups_0e939a4f" ON "auth_user_groups" ("group_id");
CREATE UNIQUE INDEX "auth_user_user_permissions_user_id_14a6b632_uniq" ON "auth_user_user_permissions" ("user_id", "permission_id");
CREATE INDEX IF NOT EXISTS "auth_user_user_permissions_e8701ad4" ON "auth_user_user_permissions" ("user_id");
CREATE INDEX IF NOT EXISTS "auth_user_user_permissions_8373b171" ON "auth_user_user_permissions" ("permission_id");
CREATE INDEX IF NOT EXISTS "django_admin_log_417f1b1c" ON "django_admin_log" ("content_type_id");
CREATE INDEX IF NOT EXISTS "django_admin_log_e8701ad4" ON "django_admin_log" ("user_id");
CREATE UNIQUE INDEX "django_content_type_app_label_76bd3d3b_uniq" ON "django_content_type" ("app_label", "model");
CREATE UNIQUE INDEX "auth_permission_content_type_id_01ab375a_uniq" ON "auth_permission" ("content_type_id", "codename");
CREATE INDEX IF NOT EXISTS "auth_permission_417f1b1c" ON "auth_permission" ("content_type_id");
CREATE INDEX IF NOT EXISTS "django_cron_cronjoblog_c1336794" ON "django_cron_cronjoblog" ("code");
CREATE INDEX IF NOT EXISTS "django_cron_cronjoblog_c4d98dbd" ON "django_cron_cronjoblog" ("start_time");
CREATE INDEX IF NOT EXISTS "django_cron_cronjoblog_305d2889" ON "django_cron_cronjoblog" ("end_time");
CREATE INDEX IF NOT EXISTS "django_cron_cronjoblog_a05e4b70" ON "django_cron_cronjoblog" ("ran_at_time");
CREATE INDEX IF NOT EXISTS "django_cron_cronjoblog_code_84da9606_idx" ON "django_cron_cronjoblog" ("code", "is_success", "ran_at_time");
CREATE INDEX IF NOT EXISTS "django_cron_cronjoblog_code_4fc78f9d_idx" ON "django_cron_cronjoblog" ("code", "start_time");
CREATE INDEX IF NOT EXISTS "django_cron_cronjoblog_code_8b50b8fa_idx" ON "django_cron_cronjoblog" ("code", "start_time", "ran_at_time");
CREATE INDEX IF NOT EXISTS "django_session_de54fa62" ON "django_session" ("expire_date");
CREATE TABLE "django_admin_log" ("id" integer NOT NULL PRIMARY KEY AUTOINCREMENT, "object_id" text NULL, "object_repr" varchar(200) NOT NULL, "action_flag" smallint unsigned NOT NULL, "change_message" text NOT NULL, "content_type_id" integer NULL REFERENCES "django_content_type" ("id"), "user_id" integer NOT NULL REFERENCES "auth_user" ("id"), "action_time" datetime NOT NULL);
CREATE INDEX IF NOT EXISTS "blog_post_b5c3e75b" ON "blog_post" ("member_id");
CREATE INDEX IF NOT EXISTS "cefet_course_29ddca3f" ON "cefet_course" ("campus_id");
CREATE INDEX IF NOT EXISTS "cefet_pet_ea134da7" ON "cefet_pet" ("course_id");
CREATE INDEX IF NOT EXISTS "members_member_20c984a4" ON "members_member" ("pet_id");
CREATE INDEX IF NOT EXISTS "members_member_84566833" ON "members_member" ("role_id");
CREATE INDEX IF NOT EXISTS "events_spectator_4437cfac" ON "events_spectator" ("event_id");
CREATE UNIQUE INDEX "auth_group_permissions_group_id_0cd325b0_uniq" ON "auth_group_permissions" ("group_id", "permission_id");
CREATE INDEX IF NOT EXISTS "auth_group_permissions_0e939a4f" ON "auth_group_permissions" ("group_id");
CREATE INDEX IF NOT EXISTS "auth_group_permissions_8373b171" ON "auth_group_permissions" ("permission_id");
CREATE UNIQUE INDEX "auth_user_groups_user_id_94350c0c_uniq" ON "auth_user_groups" ("user_id", "group_id");
CREATE INDEX IF NOT EXISTS "auth_user_groups_e8701ad4" ON "auth_user_groups" ("user_id");
CREATE INDEX IF NOT EXISTS "auth_user_groups_0e939a4f" ON "auth_user_groups" ("group_id");
CREATE UNIQUE INDEX "auth_user_user_permissions_user_id_14a6b632_uniq" ON "auth_user_user_permissions" ("user_id", "permission_id");
CREATE INDEX IF NOT EXISTS "auth_user_user_permissions_e8701ad4" ON "auth_user_user_permissions" ("user_id");
CREATE INDEX IF NOT EXISTS "auth_user_user_permissions_8373b171" ON "auth_user_user_permissions" ("permission_id");
CREATE INDEX IF NOT EXISTS "django_admin_log_417f1b1c" ON "django_admin_log" ("content_type_id");
CREATE INDEX IF NOT EXISTS "django_admin_log_e8701ad4" ON "django_admin_log" ("user_id");
CREATE UNIQUE INDEX "django_content_type_app_label_76bd3d3b_uniq" ON "django_content_type" ("app_label", "model");
CREATE UNIQUE INDEX "auth_permission_content_type_id_01ab375a_uniq" ON "auth_permission" ("content_type_id", "codename");
CREATE INDEX IF NOT EXISTS "auth_permission_417f1b1c" ON "auth_permission" ("content_type_id");
CREATE INDEX IF NOT EXISTS "django_cron_cronjoblog_c1336794" ON "django_cron_cronjoblog" ("code");
CREATE INDEX IF NOT EXISTS "django_cron_cronjoblog_c4d98dbd" ON "django_cron_cronjoblog" ("start_time");
CREATE INDEX IF NOT EXISTS "django_cron_cronjoblog_305d2889" ON "django_cron_cronjoblog" ("end_time");
CREATE INDEX IF NOT EXISTS "django_cron_cronjoblog_a05e4b70" ON "django_cron_cronjoblog" ("ran_at_time");
CREATE INDEX IF NOT EXISTS "django_cron_cronjoblog_code_84da9606_idx" ON "django_cron_cronjoblog" ("code", "is_success", "ran_at_time");
CREATE INDEX IF NOT EXISTS "django_cron_cronjoblog_code_4fc78f9d_idx" ON "django_cron_cronjoblog" ("code", "start_time");
CREATE INDEX IF NOT EXISTS "django_cron_cronjoblog_code_8b50b8fa_idx" ON "django_cron_cronjoblog" ("code", "start_time", "ran_at_time");
CREATE INDEX IF NOT EXISTS "django_session_de54fa62" ON "django_session" ("expire_date");
CREATE TABLE "django_content_type" ("id" integer NOT NULL PRIMARY KEY AUTOINCREMENT, "app_label" varchar(100) NOT NULL, "model" varchar(100) NOT NULL);
INSERT INTO "django_content_type" VALUES(1,'blog','post');
INSERT INTO "django_content_type" VALUES(2,'cefet','campus');
INSERT INTO "django_content_type" VALUES(3,'cefet','course');
INSERT INTO "django_content_type" VALUES(4,'cefet','pet');
INSERT INTO "django_content_type" VALUES(5,'members','memberrole');
INSERT INTO "django_content_type" VALUES(6,'members','member');
INSERT INTO "django_content_type" VALUES(7,'events','event');
INSERT INTO "django_content_type" VALUES(8,'events','spectator');
INSERT INTO "django_content_type" VALUES(9,'django_summernote','attachment');
INSERT INTO "django_content_type" VALUES(10,'thumbnail','kvstore');
INSERT INTO "django_content_type" VALUES(11,'admin','logentry');
INSERT INTO "django_content_type" VALUES(12,'auth','permission');
INSERT INTO "django_content_type" VALUES(13,'auth','group');
INSERT INTO "django_content_type" VALUES(14,'auth','user');
INSERT INTO "django_content_type" VALUES(15,'contenttypes','contenttype');
INSERT INTO "django_content_type" VALUES(16,'sessions','session');
INSERT INTO "django_content_type" VALUES(17,'django_cron','cronjoblog');
CREATE INDEX IF NOT EXISTS "blog_post_b5c3e75b" ON "blog_post" ("member_id");
CREATE INDEX IF NOT EXISTS "cefet_course_29ddca3f" ON "cefet_course" ("campus_id");
CREATE INDEX IF NOT EXISTS "cefet_pet_ea134da7" ON "cefet_pet" ("course_id");
CREATE INDEX IF NOT EXISTS "members_member_20c984a4" ON "members_member" ("pet_id");
CREATE INDEX IF NOT EXISTS "members_member_84566833" ON "members_member" ("role_id");
CREATE INDEX IF NOT EXISTS "events_spectator_4437cfac" ON "events_spectator" ("event_id");
CREATE UNIQUE INDEX "auth_group_permissions_group_id_0cd325b0_uniq" ON "auth_group_permissions" ("group_id", "permission_id");
CREATE INDEX IF NOT EXISTS "auth_group_permissions_0e939a4f" ON "auth_group_permissions" ("group_id");
CREATE INDEX IF NOT EXISTS "auth_group_permissions_8373b171" ON "auth_group_permissions" ("permission_id");
CREATE UNIQUE INDEX "auth_user_groups_user_id_94350c0c_uniq" ON "auth_user_groups" ("user_id", "group_id");
CREATE INDEX IF NOT EXISTS "auth_user_groups_e8701ad4" ON "auth_user_groups" ("user_id");
CREATE INDEX IF NOT EXISTS "auth_user_groups_0e939a4f" ON "auth_user_groups" ("group_id");
CREATE UNIQUE INDEX "auth_user_user_permissions_user_id_14a6b632_uniq" ON "auth_user_user_permissions" ("user_id", "permission_id");
CREATE INDEX IF NOT EXISTS "auth_user_user_permissions_e8701ad4" ON "auth_user_user_permissions" ("user_id");
CREATE INDEX IF NOT EXISTS "auth_user_user_permissions_8373b171" ON "auth_user_user_permissions" ("permission_id");
CREATE INDEX IF NOT EXISTS "django_admin_log_417f1b1c" ON "django_admin_log" ("content_type_id");
CREATE INDEX IF NOT EXISTS "django_admin_log_e8701ad4" ON "django_admin_log" ("user_id");
CREATE UNIQUE INDEX "django_content_type_app_label_76bd3d3b_uniq" ON "django_content_type" ("app_label", "model");
CREATE UNIQUE INDEX "auth_permission_content_type_id_01ab375a_uniq" ON "auth_permission" ("content_type_id", "codename");
CREATE INDEX IF NOT EXISTS "auth_permission_417f1b1c" ON "auth_permission" ("content_type_id");
CREATE INDEX IF NOT EXISTS "django_cron_cronjoblog_c1336794" ON "django_cron_cronjoblog" ("code");
CREATE INDEX IF NOT EXISTS "django_cron_cronjoblog_c4d98dbd" ON "django_cron_cronjoblog" ("start_time");
CREATE INDEX IF NOT EXISTS "django_cron_cronjoblog_305d2889" ON "django_cron_cronjoblog" ("end_time");
CREATE INDEX IF NOT EXISTS "django_cron_cronjoblog_a05e4b70" ON "django_cron_cronjoblog" ("ran_at_time");
CREATE INDEX IF NOT EXISTS "django_cron_cronjoblog_code_84da9606_idx" ON "django_cron_cronjoblog" ("code", "is_success", "ran_at_time");
CREATE INDEX IF NOT EXISTS "django_cron_cronjoblog_code_4fc78f9d_idx" ON "django_cron_cronjoblog" ("code", "start_time");
CREATE INDEX IF NOT EXISTS "django_cron_cronjoblog_code_8b50b8fa_idx" ON "django_cron_cronjoblog" ("code", "start_time", "ran_at_time");
CREATE INDEX IF NOT EXISTS "django_session_de54fa62" ON "django_session" ("expire_date");
CREATE TABLE "django_cron_cronjoblog" ("id" integer NOT NULL PRIMARY KEY AUTOINCREMENT, "code" varchar(64) NOT NULL, "start_time" datetime NOT NULL, "end_time" datetime NOT NULL, "is_success" bool NOT NULL, "ran_at_time" time NULL, "message" text NOT NULL);
CREATE INDEX IF NOT EXISTS "blog_post_b5c3e75b" ON "blog_post" ("member_id");
CREATE INDEX IF NOT EXISTS "cefet_course_29ddca3f" ON "cefet_course" ("campus_id");
CREATE INDEX IF NOT EXISTS "cefet_pet_ea134da7" ON "cefet_pet" ("course_id");
CREATE INDEX IF NOT EXISTS "members_member_20c984a4" ON "members_member" ("pet_id");
CREATE INDEX IF NOT EXISTS "members_member_84566833" ON "members_member" ("role_id");
CREATE INDEX IF NOT EXISTS "events_spectator_4437cfac" ON "events_spectator" ("event_id");
CREATE UNIQUE INDEX "auth_group_permissions_group_id_0cd325b0_uniq" ON "auth_group_permissions" ("group_id", "permission_id");
CREATE INDEX IF NOT EXISTS "auth_group_permissions_0e939a4f" ON "auth_group_permissions" ("group_id");
CREATE INDEX IF NOT EXISTS "auth_group_permissions_8373b171" ON "auth_group_permissions" ("permission_id");
CREATE UNIQUE INDEX "auth_user_groups_user_id_94350c0c_uniq" ON "auth_user_groups" ("user_id", "group_id");
CREATE INDEX IF NOT EXISTS "auth_user_groups_e8701ad4" ON "auth_user_groups" ("user_id");
CREATE INDEX IF NOT EXISTS "auth_user_groups_0e939a4f" ON "auth_user_groups" ("group_id");
CREATE UNIQUE INDEX "auth_user_user_permissions_user_id_14a6b632_uniq" ON "auth_user_user_permissions" ("user_id", "permission_id");
CREATE INDEX IF NOT EXISTS "auth_user_user_permissions_e8701ad4" ON "auth_user_user_permissions" ("user_id");
CREATE INDEX IF NOT EXISTS "auth_user_user_permissions_8373b171" ON "auth_user_user_permissions" ("permission_id");
CREATE INDEX IF NOT EXISTS "django_admin_log_417f1b1c" ON "django_admin_log" ("content_type_id");
CREATE INDEX IF NOT EXISTS "django_admin_log_e8701ad4" ON "django_admin_log" ("user_id");
CREATE UNIQUE INDEX "django_content_type_app_label_76bd3d3b_uniq" ON "django_content_type" ("app_label", "model");
CREATE UNIQUE INDEX "auth_permission_content_type_id_01ab375a_uniq" ON "auth_permission" ("content_type_id", "codename");
CREATE INDEX IF NOT EXISTS "auth_permission_417f1b1c" ON "auth_permission" ("content_type_id");
CREATE INDEX IF NOT EXISTS "django_cron_cronjoblog_c1336794" ON "django_cron_cronjoblog" ("code");
CREATE INDEX IF NOT EXISTS "django_cron_cronjoblog_c4d98dbd" ON "django_cron_cronjoblog" ("start_time");
CREATE INDEX IF NOT EXISTS "django_cron_cronjoblog_305d2889" ON "django_cron_cronjoblog" ("end_time");
CREATE INDEX IF NOT EXISTS "django_cron_cronjoblog_a05e4b70" ON "django_cron_cronjoblog" ("ran_at_time");
CREATE INDEX IF NOT EXISTS "django_cron_cronjoblog_code_84da9606_idx" ON "django_cron_cronjoblog" ("code", "is_success", "ran_at_time");
CREATE INDEX IF NOT EXISTS "django_cron_cronjoblog_code_4fc78f9d_idx" ON "django_cron_cronjoblog" ("code", "start_time");
CREATE INDEX IF NOT EXISTS "django_cron_cronjoblog_code_8b50b8fa_idx" ON "django_cron_cronjoblog" ("code", "start_time", "ran_at_time");
CREATE INDEX IF NOT EXISTS "django_session_de54fa62" ON "django_session" ("expire_date");
CREATE TABLE "django_migrations" ("id" integer NOT NULL PRIMARY KEY AUTOINCREMENT, "app" varchar(255) NOT NULL, "name" varchar(255) NOT NULL, "applied" datetime NOT NULL);
INSERT INTO "django_migrations" VALUES(1,'contenttypes','0001_initial','2018-03-23 01:36:30.441926');
INSERT INTO "django_migrations" VALUES(2,'auth','0001_initial','2018-03-23 01:36:30.664662');
INSERT INTO "django_migrations" VALUES(3,'admin','0001_initial','2018-03-23 01:36:30.910235');
INSERT INTO "django_migrations" VALUES(4,'admin','0002_logentry_remove_auto_add','2018-03-23 01:36:31.121845');
INSERT INTO "django_migrations" VALUES(5,'contenttypes','0002_remove_content_type_name','2018-03-23 01:36:31.322188');
INSERT INTO "django_migrations" VALUES(6,'auth','0002_alter_permission_name_max_length','2018-03-23 01:36:31.533132');
INSERT INTO "django_migrations" VALUES(7,'auth','0003_alter_user_email_max_length','2018-03-23 01:36:31.755174');
INSERT INTO "django_migrations" VALUES(8,'auth','0004_alter_user_username_opts','2018-03-23 01:36:32.027919');
INSERT INTO "django_migrations" VALUES(9,'auth','0005_alter_user_last_login_null','2018-03-23 01:36:32.288057');
INSERT INTO "django_migrations" VALUES(10,'auth','0006_require_contenttypes_0002','2018-03-23 01:36:32.373682');
INSERT INTO "django_migrations" VALUES(11,'auth','0007_alter_validators_add_error_messages','2018-03-23 01:36:32.640901');
INSERT INTO "django_migrations" VALUES(12,'auth','0008_alter_user_username_max_length','2018-03-23 01:36:32.907083');
INSERT INTO "django_migrations" VALUES(13,'django_cron','0001_initial','2018-03-23 01:36:33.146883');
INSERT INTO "django_migrations" VALUES(14,'django_cron','0002_remove_max_length_from_CronJobLog_message','2018-03-23 01:36:33.371655');
INSERT INTO "django_migrations" VALUES(15,'django_summernote','0001_initial','2018-03-23 01:36:33.583834');
INSERT INTO "django_migrations" VALUES(16,'sessions','0001_initial','2018-03-23 01:36:33.785553');
CREATE INDEX IF NOT EXISTS "blog_post_b5c3e75b" ON "blog_post" ("member_id");
CREATE INDEX IF NOT EXISTS "cefet_course_29ddca3f" ON "cefet_course" ("campus_id");
CREATE INDEX IF NOT EXISTS "cefet_pet_ea134da7" ON "cefet_pet" ("course_id");
CREATE INDEX IF NOT EXISTS "members_member_20c984a4" ON "members_member" ("pet_id");
CREATE INDEX IF NOT EXISTS "members_member_84566833" ON "members_member" ("role_id");
CREATE INDEX IF NOT EXISTS "events_spectator_4437cfac" ON "events_spectator" ("event_id");
CREATE UNIQUE INDEX "auth_group_permissions_group_id_0cd325b0_uniq" ON "auth_group_permissions" ("group_id", "permission_id");
CREATE INDEX IF NOT EXISTS "auth_group_permissions_0e939a4f" ON "auth_group_permissions" ("group_id");
CREATE INDEX IF NOT EXISTS "auth_group_permissions_8373b171" ON "auth_group_permissions" ("permission_id");
CREATE UNIQUE INDEX "auth_user_groups_user_id_94350c0c_uniq" ON "auth_user_groups" ("user_id", "group_id");
CREATE INDEX IF NOT EXISTS "auth_user_groups_e8701ad4" ON "auth_user_groups" ("user_id");
CREATE INDEX IF NOT EXISTS "auth_user_groups_0e939a4f" ON "auth_user_groups" ("group_id");
CREATE UNIQUE INDEX "auth_user_user_permissions_user_id_14a6b632_uniq" ON "auth_user_user_permissions" ("user_id", "permission_id");
CREATE INDEX IF NOT EXISTS "auth_user_user_permissions_e8701ad4" ON "auth_user_user_permissions" ("user_id");
CREATE INDEX IF NOT EXISTS "auth_user_user_permissions_8373b171" ON "auth_user_user_permissions" ("permission_id");
CREATE INDEX IF NOT EXISTS "django_admin_log_417f1b1c" ON "django_admin_log" ("content_type_id");
CREATE INDEX IF NOT EXISTS "django_admin_log_e8701ad4" ON "django_admin_log" ("user_id");
CREATE UNIQUE INDEX "django_content_type_app_label_76bd3d3b_uniq" ON "django_content_type" ("app_label", "model");
CREATE UNIQUE INDEX "auth_permission_content_type_id_01ab375a_uniq" ON "auth_permission" ("content_type_id", "codename");
CREATE INDEX IF NOT EXISTS "auth_permission_417f1b1c" ON "auth_permission" ("content_type_id");
CREATE INDEX IF NOT EXISTS "django_cron_cronjoblog_c1336794" ON "django_cron_cronjoblog" ("code");
CREATE INDEX IF NOT EXISTS "django_cron_cronjoblog_c4d98dbd" ON "django_cron_cronjoblog" ("start_time");
CREATE INDEX IF NOT EXISTS "django_cron_cronjoblog_305d2889" ON "django_cron_cronjoblog" ("end_time");
CREATE INDEX IF NOT EXISTS "django_cron_cronjoblog_a05e4b70" ON "django_cron_cronjoblog" ("ran_at_time");
CREATE INDEX IF NOT EXISTS "django_cron_cronjoblog_code_84da9606_idx" ON "django_cron_cronjoblog" ("code", "is_success", "ran_at_time");
CREATE INDEX IF NOT EXISTS "django_cron_cronjoblog_code_4fc78f9d_idx" ON "django_cron_cronjoblog" ("code", "start_time");
CREATE INDEX IF NOT EXISTS "django_cron_cronjoblog_code_8b50b8fa_idx" ON "django_cron_cronjoblog" ("code", "start_time", "ran_at_time");
CREATE INDEX IF NOT EXISTS "django_session_de54fa62" ON "django_session" ("expire_date");
CREATE TABLE "django_session" ("session_key" varchar(40) NOT NULL PRIMARY KEY, "session_data" text NOT NULL, "expire_date" datetime NOT NULL);
CREATE INDEX IF NOT EXISTS "blog_post_b5c3e75b" ON "blog_post" ("member_id");
CREATE INDEX IF NOT EXISTS "cefet_course_29ddca3f" ON "cefet_course" ("campus_id");
CREATE INDEX IF NOT EXISTS "cefet_pet_ea134da7" ON "cefet_pet" ("course_id");
CREATE INDEX IF NOT EXISTS "members_member_20c984a4" ON "members_member" ("pet_id");
CREATE INDEX IF NOT EXISTS "members_member_84566833" ON "members_member" ("role_id");
CREATE INDEX IF NOT EXISTS "events_spectator_4437cfac" ON "events_spectator" ("event_id");
CREATE UNIQUE INDEX "auth_group_permissions_group_id_0cd325b0_uniq" ON "auth_group_permissions" ("group_id", "permission_id");
CREATE INDEX IF NOT EXISTS "auth_group_permissions_0e939a4f" ON "auth_group_permissions" ("group_id");
CREATE INDEX IF NOT EXISTS "auth_group_permissions_8373b171" ON "auth_group_permissions" ("permission_id");
CREATE UNIQUE INDEX "auth_user_groups_user_id_94350c0c_uniq" ON "auth_user_groups" ("user_id", "group_id");
CREATE INDEX IF NOT EXISTS "auth_user_groups_e8701ad4" ON "auth_user_groups" ("user_id");
CREATE INDEX IF NOT EXISTS "auth_user_groups_0e939a4f" ON "auth_user_groups" ("group_id");
CREATE UNIQUE INDEX "auth_user_user_permissions_user_id_14a6b632_uniq" ON "auth_user_user_permissions" ("user_id", "permission_id");
CREATE INDEX IF NOT EXISTS "auth_user_user_permissions_e8701ad4" ON "auth_user_user_permissions" ("user_id");
CREATE INDEX IF NOT EXISTS "auth_user_user_permissions_8373b171" ON "auth_user_user_permissions" ("permission_id");
CREATE INDEX IF NOT EXISTS "django_admin_log_417f1b1c" ON "django_admin_log" ("content_type_id");
CREATE INDEX IF NOT EXISTS "django_admin_log_e8701ad4" ON "django_admin_log" ("user_id");
CREATE UNIQUE INDEX "django_content_type_app_label_76bd3d3b_uniq" ON "django_content_type" ("app_label", "model");
CREATE UNIQUE INDEX "auth_permission_content_type_id_01ab375a_uniq" ON "auth_permission" ("content_type_id", "codename");
CREATE INDEX IF NOT EXISTS "auth_permission_417f1b1c" ON "auth_permission" ("content_type_id");
CREATE INDEX IF NOT EXISTS "django_cron_cronjoblog_c1336794" ON "django_cron_cronjoblog" ("code");
CREATE INDEX IF NOT EXISTS "django_cron_cronjoblog_c4d98dbd" ON "django_cron_cronjoblog" ("start_time");
CREATE INDEX IF NOT EXISTS "django_cron_cronjoblog_305d2889" ON "django_cron_cronjoblog" ("end_time");
CREATE INDEX IF NOT EXISTS "django_cron_cronjoblog_a05e4b70" ON "django_cron_cronjoblog" ("ran_at_time");
CREATE INDEX IF NOT EXISTS "django_cron_cronjoblog_code_84da9606_idx" ON "django_cron_cronjoblog" ("code", "is_success", "ran_at_time");
CREATE INDEX IF NOT EXISTS "django_cron_cronjoblog_code_4fc78f9d_idx" ON "django_cron_cronjoblog" ("code", "start_time");
CREATE INDEX IF NOT EXISTS "django_cron_cronjoblog_code_8b50b8fa_idx" ON "django_cron_cronjoblog" ("code", "start_time", "ran_at_time");
CREATE INDEX IF NOT EXISTS "django_session_de54fa62" ON "django_session" ("expire_date");
CREATE TABLE "django_summernote_attachment" ("id" integer NOT NULL PRIMARY KEY AUTOINCREMENT, "name" varchar(255) NULL, "file" varchar(100) NOT NULL, "uploaded" datetime NOT NULL);
CREATE INDEX IF NOT EXISTS "blog_post_b5c3e75b" ON "blog_post" ("member_id");
CREATE INDEX IF NOT EXISTS "cefet_course_29ddca3f" ON "cefet_course" ("campus_id");
CREATE INDEX IF NOT EXISTS "cefet_pet_ea134da7" ON "cefet_pet" ("course_id");
CREATE INDEX IF NOT EXISTS "members_member_20c984a4" ON "members_member" ("pet_id");
CREATE INDEX IF NOT EXISTS "members_member_84566833" ON "members_member" ("role_id");
CREATE INDEX IF NOT EXISTS "events_spectator_4437cfac" ON "events_spectator" ("event_id");
CREATE UNIQUE INDEX "auth_group_permissions_group_id_0cd325b0_uniq" ON "auth_group_permissions" ("group_id", "permission_id");
CREATE INDEX IF NOT EXISTS "auth_group_permissions_0e939a4f" ON "auth_group_permissions" ("group_id");
CREATE INDEX IF NOT EXISTS "auth_group_permissions_8373b171" ON "auth_group_permissions" ("permission_id");
CREATE UNIQUE INDEX "auth_user_groups_user_id_94350c0c_uniq" ON "auth_user_groups" ("user_id", "group_id");
CREATE INDEX IF NOT EXISTS "auth_user_groups_e8701ad4" ON "auth_user_groups" ("user_id");
CREATE INDEX IF NOT EXISTS "auth_user_groups_0e939a4f" ON "auth_user_groups" ("group_id");
CREATE UNIQUE INDEX "auth_user_user_permissions_user_id_14a6b632_uniq" ON "auth_user_user_permissions" ("user_id", "permission_id");
CREATE INDEX IF NOT EXISTS "auth_user_user_permissions_e8701ad4" ON "auth_user_user_permissions" ("user_id");
CREATE INDEX IF NOT EXISTS "auth_user_user_permissions_8373b171" ON "auth_user_user_permissions" ("permission_id");
CREATE INDEX IF NOT EXISTS "django_admin_log_417f1b1c" ON "django_admin_log" ("content_type_id");
CREATE INDEX IF NOT EXISTS "django_admin_log_e8701ad4" ON "django_admin_log" ("user_id");
CREATE UNIQUE INDEX "django_content_type_app_label_76bd3d3b_uniq" ON "django_content_type" ("app_label", "model");
CREATE UNIQUE INDEX "auth_permission_content_type_id_01ab375a_uniq" ON "auth_permission" ("content_type_id", "codename");
CREATE INDEX IF NOT EXISTS "auth_permission_417f1b1c" ON "auth_permission" ("content_type_id");
CREATE INDEX IF NOT EXISTS "django_cron_cronjoblog_c1336794" ON "django_cron_cronjoblog" ("code");
CREATE INDEX IF NOT EXISTS "django_cron_cronjoblog_c4d98dbd" ON "django_cron_cronjoblog" ("start_time");
CREATE INDEX IF NOT EXISTS "django_cron_cronjoblog_305d2889" ON "django_cron_cronjoblog" ("end_time");
CREATE INDEX IF NOT EXISTS "django_cron_cronjoblog_a05e4b70" ON "django_cron_cronjoblog" ("ran_at_time");
CREATE INDEX IF NOT EXISTS "django_cron_cronjoblog_code_84da9606_idx" ON "django_cron_cronjoblog" ("code", "is_success", "ran_at_time");
CREATE INDEX IF NOT EXISTS "django_cron_cronjoblog_code_4fc78f9d_idx" ON "django_cron_cronjoblog" ("code", "start_time");
CREATE INDEX IF NOT EXISTS "django_cron_cronjoblog_code_8b50b8fa_idx" ON "django_cron_cronjoblog" ("code", "start_time", "ran_at_time");
CREATE INDEX IF NOT EXISTS "django_session_de54fa62" ON "django_session" ("expire_date");
CREATE TABLE "events_event" ("id" integer NOT NULL PRIMARY KEY AUTOINCREMENT, "name" varchar(80) NOT NULL, "slug" varchar(50) NULL UNIQUE, "description" varchar(1000) NOT NULL, "address" varchar(250) NOT NULL, "start_date" date NOT NULL, "end_date" date NOT NULL, "beginTime" time NULL, "endTime" time NULL);
CREATE INDEX IF NOT EXISTS "blog_post_b5c3e75b" ON "blog_post" ("member_id");
CREATE INDEX IF NOT EXISTS "cefet_course_29ddca3f" ON "cefet_course" ("campus_id");
CREATE INDEX IF NOT EXISTS "cefet_pet_ea134da7" ON "cefet_pet" ("course_id");
CREATE INDEX IF NOT EXISTS "members_member_20c984a4" ON "members_member" ("pet_id");
CREATE INDEX IF NOT EXISTS "members_member_84566833" ON "members_member" ("role_id");
CREATE INDEX IF NOT EXISTS "events_spectator_4437cfac" ON "events_spectator" ("event_id");
CREATE UNIQUE INDEX "auth_group_permissions_group_id_0cd325b0_uniq" ON "auth_group_permissions" ("group_id", "permission_id");
CREATE INDEX IF NOT EXISTS "auth_group_permissions_0e939a4f" ON "auth_group_permissions" ("group_id");
CREATE INDEX IF NOT EXISTS "auth_group_permissions_8373b171" ON "auth_group_permissions" ("permission_id");
CREATE UNIQUE INDEX "auth_user_groups_user_id_94350c0c_uniq" ON "auth_user_groups" ("user_id", "group_id");
CREATE INDEX IF NOT EXISTS "auth_user_groups_e8701ad4" ON "auth_user_groups" ("user_id");
CREATE INDEX IF NOT EXISTS "auth_user_groups_0e939a4f" ON "auth_user_groups" ("group_id");
CREATE UNIQUE INDEX "auth_user_user_permissions_user_id_14a6b632_uniq" ON "auth_user_user_permissions" ("user_id", "permission_id");
CREATE INDEX IF NOT EXISTS "auth_user_user_permissions_e8701ad4" ON "auth_user_user_permissions" ("user_id");
CREATE INDEX IF NOT EXISTS "auth_user_user_permissions_8373b171" ON "auth_user_user_permissions" ("permission_id");
CREATE INDEX IF NOT EXISTS "django_admin_log_417f1b1c" ON "django_admin_log" ("content_type_id");
CREATE INDEX IF NOT EXISTS "django_admin_log_e8701ad4" ON "django_admin_log" ("user_id");
CREATE UNIQUE INDEX "django_content_type_app_label_76bd3d3b_uniq" ON "django_content_type" ("app_label", "model");
CREATE UNIQUE INDEX "auth_permission_content_type_id_01ab375a_uniq" ON "auth_permission" ("content_type_id", "codename");
CREATE INDEX IF NOT EXISTS "auth_permission_417f1b1c" ON "auth_permission" ("content_type_id");
CREATE INDEX IF NOT EXISTS "django_cron_cronjoblog_c1336794" ON "django_cron_cronjoblog" ("code");
CREATE INDEX IF NOT EXISTS "django_cron_cronjoblog_c4d98dbd" ON "django_cron_cronjoblog" ("start_time");
CREATE INDEX IF NOT EXISTS "django_cron_cronjoblog_305d2889" ON "django_cron_cronjoblog" ("end_time");
CREATE INDEX IF NOT EXISTS "django_cron_cronjoblog_a05e4b70" ON "django_cron_cronjoblog" ("ran_at_time");
CREATE INDEX IF NOT EXISTS "django_cron_cronjoblog_code_84da9606_idx" ON "django_cron_cronjoblog" ("code", "is_success", "ran_at_time");
CREATE INDEX IF NOT EXISTS "django_cron_cronjoblog_code_4fc78f9d_idx" ON "django_cron_cronjoblog" ("code", "start_time");
CREATE INDEX IF NOT EXISTS "django_cron_cronjoblog_code_8b50b8fa_idx" ON "django_cron_cronjoblog" ("code", "start_time", "ran_at_time");
CREATE INDEX IF NOT EXISTS "django_session_de54fa62" ON "django_session" ("expire_date");
CREATE TABLE "events_spectator" ("id" integer NOT NULL PRIMARY KEY AUTOINCREMENT, "name" varchar(100) NOT NULL, "email" varchar(254) NOT NULL, "cpf" varchar(14) NOT NULL, "isFromCEFET" bool NOT NULL, "occupation" varchar(80) NOT NULL, "enrollNum" varchar(12) NULL, "date" datetime NOT NULL, "confirmed" bool NOT NULL, "event_id" integer NOT NULL REFERENCES "events_event" ("id"));
CREATE INDEX IF NOT EXISTS "blog_post_b5c3e75b" ON "blog_post" ("member_id");
CREATE INDEX IF NOT EXISTS "cefet_course_29ddca3f" ON "cefet_course" ("campus_id");
CREATE INDEX IF NOT EXISTS "cefet_pet_ea134da7" ON "cefet_pet" ("course_id");
CREATE INDEX IF NOT EXISTS "members_member_20c984a4" ON "members_member" ("pet_id");
CREATE INDEX IF NOT EXISTS "members_member_84566833" ON "members_member" ("role_id");
CREATE INDEX IF NOT EXISTS "events_spectator_4437cfac" ON "events_spectator" ("event_id");
CREATE UNIQUE INDEX "auth_group_permissions_group_id_0cd325b0_uniq" ON "auth_group_permissions" ("group_id", "permission_id");
CREATE INDEX IF NOT EXISTS "auth_group_permissions_0e939a4f" ON "auth_group_permissions" ("group_id");
CREATE INDEX IF NOT EXISTS "auth_group_permissions_8373b171" ON "auth_group_permissions" ("permission_id");
CREATE UNIQUE INDEX "auth_user_groups_user_id_94350c0c_uniq" ON "auth_user_groups" ("user_id", "group_id");
CREATE INDEX IF NOT EXISTS "auth_user_groups_e8701ad4" ON "auth_user_groups" ("user_id");
CREATE INDEX IF NOT EXISTS "auth_user_groups_0e939a4f" ON "auth_user_groups" ("group_id");
CREATE UNIQUE INDEX "auth_user_user_permissions_user_id_14a6b632_uniq" ON "auth_user_user_permissions" ("user_id", "permission_id");
CREATE INDEX IF NOT EXISTS "auth_user_user_permissions_e8701ad4" ON "auth_user_user_permissions" ("user_id");
CREATE INDEX IF NOT EXISTS "auth_user_user_permissions_8373b171" ON "auth_user_user_permissions" ("permission_id");
CREATE INDEX IF NOT EXISTS "django_admin_log_417f1b1c" ON "django_admin_log" ("content_type_id");
CREATE INDEX IF NOT EXISTS "django_admin_log_e8701ad4" ON "django_admin_log" ("user_id");
CREATE UNIQUE INDEX "django_content_type_app_label_76bd3d3b_uniq" ON "django_content_type" ("app_label", "model");
CREATE UNIQUE INDEX "auth_permission_content_type_id_01ab375a_uniq" ON "auth_permission" ("content_type_id", "codename");
CREATE INDEX IF NOT EXISTS "auth_permission_417f1b1c" ON "auth_permission" ("content_type_id");
CREATE INDEX IF NOT EXISTS "django_cron_cronjoblog_c1336794" ON "django_cron_cronjoblog" ("code");
CREATE INDEX IF NOT EXISTS "django_cron_cronjoblog_c4d98dbd" ON "django_cron_cronjoblog" ("start_time");
CREATE INDEX IF NOT EXISTS "django_cron_cronjoblog_305d2889" ON "django_cron_cronjoblog" ("end_time");
CREATE INDEX IF NOT EXISTS "django_cron_cronjoblog_a05e4b70" ON "django_cron_cronjoblog" ("ran_at_time");
CREATE INDEX IF NOT EXISTS "django_cron_cronjoblog_code_84da9606_idx" ON "django_cron_cronjoblog" ("code", "is_success", "ran_at_time");
CREATE INDEX IF NOT EXISTS "django_cron_cronjoblog_code_4fc78f9d_idx" ON "django_cron_cronjoblog" ("code", "start_time");
CREATE INDEX IF NOT EXISTS "django_cron_cronjoblog_code_8b50b8fa_idx" ON "django_cron_cronjoblog" ("code", "start_time", "ran_at_time");
CREATE INDEX IF NOT EXISTS "django_session_de54fa62" ON "django_session" ("expire_date");
CREATE TABLE "members_member" ("id" integer NOT NULL PRIMARY KEY AUTOINCREMENT, "user_id" integer NULL UNIQUE REFERENCES "auth_user" ("id"), "email" varchar(255) NULL UNIQUE, "name" varchar(255) NOT NULL, "pet_id" integer NULL REFERENCES "cefet_pet" ("id"), "photo" varchar(255) NOT NULL, "facebook_link" varchar(255) NOT NULL, "lattes_link" varchar(255) NOT NULL, "github_link" varchar(255) NOT NULL, "mensage_ex_petiano" varchar(300) NULL, "start_date" date NULL, "leave_date" date NULL, "role_id" integer NOT NULL REFERENCES "members_memberrole" ("id"), "autorized" bool NOT NULL, "d3v3l0p3r" bool NOT NULL);
CREATE INDEX IF NOT EXISTS "blog_post_b5c3e75b" ON "blog_post" ("member_id");
CREATE INDEX IF NOT EXISTS "cefet_course_29ddca3f" ON "cefet_course" ("campus_id");
CREATE INDEX IF NOT EXISTS "cefet_pet_ea134da7" ON "cefet_pet" ("course_id");
CREATE INDEX IF NOT EXISTS "members_member_20c984a4" ON "members_member" ("pet_id");
CREATE INDEX IF NOT EXISTS "members_member_84566833" ON "members_member" ("role_id");
CREATE INDEX IF NOT EXISTS "events_spectator_4437cfac" ON "events_spectator" ("event_id");
CREATE UNIQUE INDEX "auth_group_permissions_group_id_0cd325b0_uniq" ON "auth_group_permissions" ("group_id", "permission_id");
CREATE INDEX IF NOT EXISTS "auth_group_permissions_0e939a4f" ON "auth_group_permissions" ("group_id");
CREATE INDEX IF NOT EXISTS "auth_group_permissions_8373b171" ON "auth_group_permissions" ("permission_id");
CREATE UNIQUE INDEX "auth_user_groups_user_id_94350c0c_uniq" ON "auth_user_groups" ("user_id", "group_id");
CREATE INDEX IF NOT EXISTS "auth_user_groups_e8701ad4" ON "auth_user_groups" ("user_id");
CREATE INDEX IF NOT EXISTS "auth_user_groups_0e939a4f" ON "auth_user_groups" ("group_id");
CREATE UNIQUE INDEX "auth_user_user_permissions_user_id_14a6b632_uniq" ON "auth_user_user_permissions" ("user_id", "permission_id");
CREATE INDEX IF NOT EXISTS "auth_user_user_permissions_e8701ad4" ON "auth_user_user_permissions" ("user_id");
CREATE INDEX IF NOT EXISTS "auth_user_user_permissions_8373b171" ON "auth_user_user_permissions" ("permission_id");
CREATE INDEX IF NOT EXISTS "django_admin_log_417f1b1c" ON "django_admin_log" ("content_type_id");
CREATE INDEX IF NOT EXISTS "django_admin_log_e8701ad4" ON "django_admin_log" ("user_id");
CREATE UNIQUE INDEX "django_content_type_app_label_76bd3d3b_uniq" ON "django_content_type" ("app_label", "model");
CREATE UNIQUE INDEX "auth_permission_content_type_id_01ab375a_uniq" ON "auth_permission" ("content_type_id", "codename");
CREATE INDEX IF NOT EXISTS "auth_permission_417f1b1c" ON "auth_permission" ("content_type_id");
CREATE INDEX IF NOT EXISTS "django_cron_cronjoblog_c1336794" ON "django_cron_cronjoblog" ("code");
CREATE INDEX IF NOT EXISTS "django_cron_cronjoblog_c4d98dbd" ON "django_cron_cronjoblog" ("start_time");
CREATE INDEX IF NOT EXISTS "django_cron_cronjoblog_305d2889" ON "django_cron_cronjoblog" ("end_time");
CREATE INDEX IF NOT EXISTS "django_cron_cronjoblog_a05e4b70" ON "django_cron_cronjoblog" ("ran_at_time");
CREATE INDEX IF NOT EXISTS "django_cron_cronjoblog_code_84da9606_idx" ON "django_cron_cronjoblog" ("code", "is_success", "ran_at_time");
CREATE INDEX IF NOT EXISTS "django_cron_cronjoblog_code_4fc78f9d_idx" ON "django_cron_cronjoblog" ("code", "start_time");
CREATE INDEX IF NOT EXISTS "django_cron_cronjoblog_code_8b50b8fa_idx" ON "django_cron_cronjoblog" ("code", "start_time", "ran_at_time");
CREATE INDEX IF NOT EXISTS "django_session_de54fa62" ON "django_session" ("expire_date");
CREATE TABLE "members_memberrole" ("id" integer NOT NULL PRIMARY KEY AUTOINCREMENT, "name" varchar(255) NOT NULL UNIQUE, "verbose_name" varchar(255) NOT NULL UNIQUE, "verbose_name_plural" varchar(255) NOT NULL UNIQUE);
INSERT INTO "members_memberrole" VALUES(1,'Tutor','Tutor','Tutores');
INSERT INTO "members_memberrole" VALUES(2,'membro','membro','membros');
INSERT INTO "members_memberrole" VALUES(3,'co-tutor','co-tutor','co-tutores');
CREATE INDEX IF NOT EXISTS "blog_post_b5c3e75b" ON "blog_post" ("member_id");
CREATE INDEX IF NOT EXISTS "cefet_course_29ddca3f" ON "cefet_course" ("campus_id");
CREATE INDEX IF NOT EXISTS "cefet_pet_ea134da7" ON "cefet_pet" ("course_id");
CREATE INDEX IF NOT EXISTS "members_member_20c984a4" ON "members_member" ("pet_id");
CREATE INDEX IF NOT EXISTS "members_member_84566833" ON "members_member" ("role_id");
CREATE INDEX IF NOT EXISTS "events_spectator_4437cfac" ON "events_spectator" ("event_id");
CREATE UNIQUE INDEX "auth_group_permissions_group_id_0cd325b0_uniq" ON "auth_group_permissions" ("group_id", "permission_id");
CREATE INDEX IF NOT EXISTS "auth_group_permissions_0e939a4f" ON "auth_group_permissions" ("group_id");
CREATE INDEX IF NOT EXISTS "auth_group_permissions_8373b171" ON "auth_group_permissions" ("permission_id");
CREATE UNIQUE INDEX "auth_user_groups_user_id_94350c0c_uniq" ON "auth_user_groups" ("user_id", "group_id");
CREATE INDEX IF NOT EXISTS "auth_user_groups_e8701ad4" ON "auth_user_groups" ("user_id");
CREATE INDEX IF NOT EXISTS "auth_user_groups_0e939a4f" ON "auth_user_groups" ("group_id");
CREATE UNIQUE INDEX "auth_user_user_permissions_user_id_14a6b632_uniq" ON "auth_user_user_permissions" ("user_id", "permission_id");
CREATE INDEX IF NOT EXISTS "auth_user_user_permissions_e8701ad4" ON "auth_user_user_permissions" ("user_id");
CREATE INDEX IF NOT EXISTS "auth_user_user_permissions_8373b171" ON "auth_user_user_permissions" ("permission_id");
CREATE INDEX IF NOT EXISTS "django_admin_log_417f1b1c" ON "django_admin_log" ("content_type_id");
CREATE INDEX IF NOT EXISTS "django_admin_log_e8701ad4" ON "django_admin_log" ("user_id");
CREATE UNIQUE INDEX "django_content_type_app_label_76bd3d3b_uniq" ON "django_content_type" ("app_label", "model");
CREATE UNIQUE INDEX "auth_permission_content_type_id_01ab375a_uniq" ON "auth_permission" ("content_type_id", "codename");
CREATE INDEX IF NOT EXISTS "auth_permission_417f1b1c" ON "auth_permission" ("content_type_id");
CREATE INDEX IF NOT EXISTS "django_cron_cronjoblog_c1336794" ON "django_cron_cronjoblog" ("code");
CREATE INDEX IF NOT EXISTS "django_cron_cronjoblog_c4d98dbd" ON "django_cron_cronjoblog" ("start_time");
CREATE INDEX IF NOT EXISTS "django_cron_cronjoblog_305d2889" ON "django_cron_cronjoblog" ("end_time");
CREATE INDEX IF NOT EXISTS "django_cron_cronjoblog_a05e4b70" ON "django_cron_cronjoblog" ("ran_at_time");
CREATE INDEX IF NOT EXISTS "django_cron_cronjoblog_code_84da9606_idx" ON "django_cron_cronjoblog" ("code", "is_success", "ran_at_time");
CREATE INDEX IF NOT EXISTS "django_cron_cronjoblog_code_4fc78f9d_idx" ON "django_cron_cronjoblog" ("code", "start_time");
CREATE INDEX IF NOT EXISTS "django_cron_cronjoblog_code_8b50b8fa_idx" ON "django_cron_cronjoblog" ("code", "start_time", "ran_at_time");
CREATE INDEX IF NOT EXISTS "django_session_de54fa62" ON "django_session" ("expire_date");
CREATE TABLE "thumbnail_kvstore" ("key" varchar(200) NOT NULL PRIMARY KEY, "value" text NOT NULL);
CREATE INDEX IF NOT EXISTS "blog_post_b5c3e75b" ON "blog_post" ("member_id");
CREATE INDEX IF NOT EXISTS "cefet_course_29ddca3f" ON "cefet_course" ("campus_id");
CREATE INDEX IF NOT EXISTS "cefet_pet_ea134da7" ON "cefet_pet" ("course_id");
CREATE INDEX IF NOT EXISTS "members_member_20c984a4" ON "members_member" ("pet_id");
CREATE INDEX IF NOT EXISTS "members_member_84566833" ON "members_member" ("role_id");
CREATE INDEX IF NOT EXISTS "events_spectator_4437cfac" ON "events_spectator" ("event_id");
CREATE UNIQUE INDEX "auth_group_permissions_group_id_0cd325b0_uniq" ON "auth_group_permissions" ("group_id", "permission_id");
CREATE INDEX IF NOT EXISTS "auth_group_permissions_0e939a4f" ON "auth_group_permissions" ("group_id");
CREATE INDEX IF NOT EXISTS "auth_group_permissions_8373b171" ON "auth_group_permissions" ("permission_id");
CREATE UNIQUE INDEX "auth_user_groups_user_id_94350c0c_uniq" ON "auth_user_groups" ("user_id", "group_id");
CREATE INDEX IF NOT EXISTS "auth_user_groups_e8701ad4" ON "auth_user_groups" ("user_id");
CREATE INDEX IF NOT EXISTS "auth_user_groups_0e939a4f" ON "auth_user_groups" ("group_id");
CREATE UNIQUE INDEX "auth_user_user_permissions_user_id_14a6b632_uniq" ON "auth_user_user_permissions" ("user_id", "permission_id");
CREATE INDEX IF NOT EXISTS "auth_user_user_permissions_e8701ad4" ON "auth_user_user_permissions" ("user_id");
CREATE INDEX IF NOT EXISTS "auth_user_user_permissions_8373b171" ON "auth_user_user_permissions" ("permission_id");
CREATE INDEX IF NOT EXISTS "django_admin_log_417f1b1c" ON "django_admin_log" ("content_type_id");
CREATE INDEX IF NOT EXISTS "django_admin_log_e8701ad4" ON "django_admin_log" ("user_id");
CREATE UNIQUE INDEX "django_content_type_app_label_76bd3d3b_uniq" ON "django_content_type" ("app_label", "model");
CREATE UNIQUE INDEX "auth_permission_content_type_id_01ab375a_uniq" ON "auth_permission" ("content_type_id", "codename");
CREATE INDEX IF NOT EXISTS "auth_permission_417f1b1c" ON "auth_permission" ("content_type_id");
CREATE INDEX IF NOT EXISTS "django_cron_cronjoblog_c1336794" ON "django_cron_cronjoblog" ("code");
CREATE INDEX IF NOT EXISTS "django_cron_cronjoblog_c4d98dbd" ON "django_cron_cronjoblog" ("start_time");
CREATE INDEX IF NOT EXISTS "django_cron_cronjoblog_305d2889" ON "django_cron_cronjoblog" ("end_time");
CREATE INDEX IF NOT EXISTS "django_cron_cronjoblog_a05e4b70" ON "django_cron_cronjoblog" ("ran_at_time");
CREATE INDEX IF NOT EXISTS "django_cron_cronjoblog_code_84da9606_idx" ON "django_cron_cronjoblog" ("code", "is_success", "ran_at_time");
CREATE INDEX IF NOT EXISTS "django_cron_cronjoblog_code_4fc78f9d_idx" ON "django_cron_cronjoblog" ("code", "start_time");
CREATE INDEX IF NOT EXISTS "django_cron_cronjoblog_code_8b50b8fa_idx" ON "django_cron_cronjoblog" ("code", "start_time", "ran_at_time");
CREATE INDEX IF NOT EXISTS "django_session_de54fa62" ON "django_session" ("expire_date");
